USE exam_db;

INSERT INTO questions (id, content, option_a, option_b, option_c, option_d, correct_answer, created_by, created_at, updated_at) VALUES
(1, 'Trong Java, tu khoa nao dung de tao lop ke thua?', 'extends', 'implements', 'inherits', 'super', 'A', 'teacher_001', '2026-04-01 08:00:00', '2026-04-01 08:00:00'),
(2, 'HTTP status code nao bieu thi tai nguyen khong ton tai?', '200', '201', '404', '500', 'C', 'teacher_001', '2026-04-01 08:05:00', '2026-04-01 08:05:00'),
(3, 'Cau lenh SQL nao dung de lay tat ca du lieu tu bang users?', 'GET * FROM users', 'SELECT * FROM users', 'FETCH users', 'READ users', 'B', 'teacher_002', '2026-04-01 08:10:00', '2026-04-01 08:10:00'),
(4, 'Trong mang may tinh, giao thuc nao dung cho truyen tai sieu van ban?', 'FTP', 'SMTP', 'HTTP', 'SSH', 'C', 'teacher_002', '2026-04-01 08:15:00', '2026-04-01 08:15:00'),
(5, 'Toan tu nao trong Java dung de so sanh bang ve gia tri?', '==', '=', '!=', 'equals=', 'A', 'teacher_003', '2026-04-01 08:20:00', '2026-04-01 08:20:00'),
(6, 'Trong Git, lenh nao dung de tao nhanh moi?', 'git merge', 'git branch', 'git clone', 'git fetch', 'B', 'teacher_003', '2026-04-01 08:25:00', '2026-04-01 08:25:00'),
(7, 'Kieu du lieu nao trong Java dung de luu so nguyen 32-bit?', 'double', 'boolean', 'int', 'char', 'C', 'teacher_004', '2026-04-01 08:30:00', '2026-04-01 08:30:00'),
(8, 'Thanh phan nao trong Spring Boot dung de xu ly request HTTP?', 'Repository', 'Controller', 'Entity', 'Service', 'B', 'teacher_004', '2026-04-01 08:35:00', '2026-04-01 08:35:00'),
(9, 'Port mac dinh cua MySQL la bao nhieu?', '1433', '3306', '5432', '8080', 'B', 'teacher_001', '2026-04-01 08:40:00', '2026-04-01 08:40:00'),
(10, 'Trong HTML, the nao dung de tao lien ket?', '<img>', '<a>', '<div>', '<p>', 'B', 'teacher_001', '2026-04-01 08:45:00', '2026-04-01 08:45:00'),
(11, 'Thuat toan nao co do phuc tap trung binh O(n log n)?', 'Bubble Sort', 'Selection Sort', 'Merge Sort', 'Linear Search', 'C', 'teacher_002', '2026-04-01 08:50:00', '2026-04-01 08:50:00'),
(12, 'JSON viet tat cua cum tu nao?', 'Java Source Object Notation', 'JavaScript Object Notation', 'Joined Standard Object Network', 'Java Serialized Object Name', 'B', 'teacher_002', '2026-04-01 08:55:00', '2026-04-01 08:55:00'),
(13, 'Trong OOP, tinh dong goi co y nghia gi?', 'Che giau chi tiet va bao ve du lieu', 'Tang toc do thuc thi', 'Giam kich thuoc bo nho', 'Loai bo ke thua', 'A', 'teacher_003', '2026-04-01 09:00:00', '2026-04-01 09:00:00'),
(14, 'Lenh Docker nao dung de liet ke cac container dang chay?', 'docker images', 'docker ps', 'docker logs', 'docker exec', 'B', 'teacher_003', '2026-04-01 09:05:00', '2026-04-01 09:05:00'),
(15, 'Trong CSS, thuoc tinh nao dung de doi mau chu?', 'background-color', 'font-style', 'color', 'text-align', 'C', 'teacher_004', '2026-04-01 09:10:00', '2026-04-01 09:10:00'),
(16, 'Phuong thuc HTTP nao thuong dung de cap nhat toan bo tai nguyen?', 'GET', 'POST', 'PATCH', 'PUT', 'D', 'teacher_004', '2026-04-01 09:15:00', '2026-04-01 09:15:00'),
(17, 'Trong Java, interface co the chua gi?', 'Chi field private', 'Phuong thuc abstract va default', 'Constructor cong khai', 'Bien static khong final', 'B', 'teacher_001', '2026-04-01 09:20:00', '2026-04-01 09:20:00'),
(18, 'He quan tri co so du lieu nao thuoc loai quan he?', 'MongoDB', 'Redis', 'MySQL', 'Elasticsearch', 'C', 'teacher_001', '2026-04-01 09:25:00', '2026-04-01 09:25:00'),
(19, 'JWT thuong duoc dung cho muc dich nao?', 'Nen anh', 'Xac thuc va truyen thong tin phien', 'Toi uu truy van SQL', 'Quan ly CSS', 'B', 'teacher_002', '2026-04-01 09:30:00', '2026-04-01 09:30:00'),
(20, 'Trong mang, DNS dung de lam gi?', 'Ma hoa du lieu', 'Phan giai ten mien thanh dia chi IP', 'Gui email', 'Truyen file', 'B', 'teacher_002', '2026-04-01 09:35:00', '2026-04-01 09:35:00');

INSERT INTO exams (id, title, description, duration_minutes, status, created_by, created_at, updated_at) VALUES
(101, 'Kiem tra Java Co Ban 01', 'Bai kiem tra 1 cau hoi ve cu phap Java', 15, 'DRAFT', 'teacher_001', '2026-04-02 08:00:00', '2026-04-02 08:00:00'),
(102, 'Kiem tra Java Co Ban 02', 'Bai kiem tra nhanh ve HTTP va API', 15, 'DRAFT', 'teacher_001', '2026-04-02 08:05:00', '2026-04-02 08:05:00'),
(103, 'Kiem tra SQL Nhap Mon', 'Bai kiem tra truy van SQL co ban', 20, 'DRAFT', 'teacher_002', '2026-04-02 08:10:00', '2026-04-02 08:10:00'),
(104, 'Kiem tra Mang Can Ban', 'Bai kiem tra ve giao thuc mang pho bien', 20, 'DRAFT', 'teacher_002', '2026-04-02 08:15:00', '2026-04-02 08:15:00'),
(105, 'Kiem tra OOP 01', 'Bai kiem tra ve lap trinh huong doi tuong', 25, 'DRAFT', 'teacher_003', '2026-04-02 08:20:00', '2026-04-02 08:20:00'),
(106, 'Kiem tra Git 01', 'Bai kiem tra thao tac co ban voi Git', 15, 'DRAFT', 'teacher_003', '2026-04-02 08:25:00', '2026-04-02 08:25:00'),
(107, 'Kiem tra Java Data Type', 'Bai kiem tra kieu du lieu trong Java', 15, 'DRAFT', 'teacher_004', '2026-04-02 08:30:00', '2026-04-02 08:30:00'),
(108, 'Kiem tra Spring MVC', 'Bai kiem tra thanh phan xu ly request', 20, 'PUBLISHED', 'teacher_004', '2026-04-02 08:35:00', '2026-04-02 08:35:00'),
(109, 'Kiem tra MySQL 01', 'Bai kiem tra thong so co ban cua MySQL', 15, 'PUBLISHED', 'teacher_001', '2026-04-02 08:40:00', '2026-04-02 08:40:00'),
(110, 'Kiem tra HTML 01', 'Bai kiem tra the HTML co ban', 15, 'PUBLISHED', 'teacher_001', '2026-04-02 08:45:00', '2026-04-02 08:45:00'),
(111, 'Kiem tra Giai Thuat 01', 'Bai kiem tra ve do phuc tap va sap xep', 25, 'PUBLISHED', 'teacher_002', '2026-04-02 08:50:00', '2026-04-02 08:50:00'),
(112, 'Kiem tra JSON API', 'Bai kiem tra dinh dang du lieu JSON', 20, 'PUBLISHED', 'teacher_002', '2026-04-02 08:55:00', '2026-04-02 08:55:00'),
(113, 'Kiem tra OOP 02', 'Bai kiem tra ve dong goi du lieu', 25, 'PUBLISHED', 'teacher_003', '2026-04-02 09:00:00', '2026-04-02 09:00:00'),
(114, 'Kiem tra Docker 01', 'Bai kiem tra lenh Docker co ban', 20, 'PUBLISHED', 'teacher_003', '2026-04-02 09:05:00', '2026-04-02 09:05:00'),
(115, 'Kiem tra CSS 01', 'Bai kiem tra thuoc tinh CSS thong dung', 15, 'PUBLISHED', 'teacher_004', '2026-04-02 09:10:00', '2026-04-02 09:10:00'),
(116, 'Kiem tra HTTP Method', 'Bai kiem tra phuong thuc HTTP', 20, 'CLOSED', 'teacher_004', '2026-04-02 09:15:00', '2026-04-02 09:15:00'),
(117, 'Kiem tra Java Interface', 'Bai kiem tra interface trong Java', 20, 'CLOSED', 'teacher_001', '2026-04-02 09:20:00', '2026-04-02 09:20:00'),
(118, 'Kiem tra He QTCSDL', 'Bai kiem tra ve CSDL quan he', 20, 'CLOSED', 'teacher_001', '2026-04-02 09:25:00', '2026-04-02 09:25:00'),
(119, 'Kiem tra Bao Mat API', 'Bai kiem tra JWT va xac thuc', 25, 'CLOSED', 'teacher_002', '2026-04-02 09:30:00', '2026-04-02 09:30:00'),
(120, 'Kiem tra DNS 01', 'Bai kiem tra kien thuc DNS co ban', 15, 'CLOSED', 'teacher_002', '2026-04-02 09:35:00', '2026-04-02 09:35:00');

INSERT INTO exam_questions (id, exam_id, question_id, order_index) VALUES
(201, 101, 1, 1),
(202, 102, 2, 1),
(203, 103, 3, 1),
(204, 104, 4, 1),
(205, 105, 5, 1),
(206, 106, 6, 1),
(207, 107, 7, 1),
(208, 108, 8, 1),
(209, 109, 9, 1),
(210, 110, 10, 1),
(211, 111, 11, 1),
(212, 112, 12, 1),
(213, 113, 13, 1),
(214, 114, 14, 1),
(215, 115, 15, 1),
(216, 116, 16, 1),
(217, 117, 17, 1),
(218, 118, 18, 1),
(219, 119, 19, 1),
(220, 120, 20, 1);
